<TOOLCONFIG>
  <PATHS>
    <SmoGamePath>
    </SmoGamePath>
    <Mk8GamePath>
    </Mk8GamePath>
    <Mk8dGamePath>
    </Mk8dGamePath>
    <TpGamePath>
    </TpGamePath>
    <BotwGamePath>
    </BotwGamePath>
    <SpecularCubeMapPath>
    </SpecularCubeMapPath>
    <DiffuseCubeMapPath>
    </DiffuseCubeMapPath>
    <PkSwShGamePath>
    </PkSwShGamePath>
  </PATHS>
  <SWITCH_KEY_PATHS>
    <TitleKeys>C:\Users\Jarrad\.switch\title.keys</TitleKeys>
    <ProdKeys>C:\Users\Jarrad\.switch\prod.keys</ProdKeys>
  </SWITCH_KEY_PATHS>
</TOOLCONFIG>